run_accession	sample_accession	experiment_accession	study_accession	tax_id	scientific_name	fastq_ftp	submitted_ftp	sra_ftp	bam_ftp
SRR16955655	SAMN23169438	SRX13147289	PRJNA778418	1154581	food fermentation metagenome	ftp.sra.ebi.ac.uk/vol1/fastq/SRR169/055/SRR16955655/SRR16955655_1.fastq.gz;ftp.sra.ebi.ac.uk/vol1/fastq/SRR169/055/SRR16955655/SRR16955655_2.fastq.gz		ftp.sra.ebi.ac.uk/vol1/srr/SRR169/055/SRR16955655	
SRR16955656	SAMN23169437	SRX13147288	PRJNA778418	1154581	food fermentation metagenome	ftp.sra.ebi.ac.uk/vol1/fastq/SRR169/056/SRR16955656/SRR16955656_1.fastq.gz;ftp.sra.ebi.ac.uk/vol1/fastq/SRR169/056/SRR16955656/SRR16955656_2.fastq.gz		ftp.sra.ebi.ac.uk/vol1/srr/SRR169/056/SRR16955656	
SRR16955657	SAMN23169436	SRX13147287	PRJNA778418	1154581	food fermentation metagenome	ftp.sra.ebi.ac.uk/vol1/fastq/SRR169/057/SRR16955657/SRR16955657_1.fastq.gz;ftp.sra.ebi.ac.uk/vol1/fastq/SRR169/057/SRR16955657/SRR16955657_2.fastq.gz		ftp.sra.ebi.ac.uk/vol1/srr/SRR169/057/SRR16955657	
SRR16955666	SAMN23169428	SRX13147278	PRJNA778418	1154581	food fermentation metagenome	ftp.sra.ebi.ac.uk/vol1/fastq/SRR169/066/SRR16955666/SRR16955666_1.fastq.gz;ftp.sra.ebi.ac.uk/vol1/fastq/SRR169/066/SRR16955666/SRR16955666_2.fastq.gz		ftp.sra.ebi.ac.uk/vol1/srr/SRR169/066/SRR16955666	
SRR16955668	SAMN23169426	SRX13147276	PRJNA778418	1154581	food fermentation metagenome	ftp.sra.ebi.ac.uk/vol1/fastq/SRR169/068/SRR16955668/SRR16955668_1.fastq.gz;ftp.sra.ebi.ac.uk/vol1/fastq/SRR169/068/SRR16955668/SRR16955668_2.fastq.gz		ftp.sra.ebi.ac.uk/vol1/srr/SRR169/068/SRR16955668	
SRR16955673	SAMN23169422	SRX13147271	PRJNA778418	1154581	food fermentation metagenome	ftp.sra.ebi.ac.uk/vol1/fastq/SRR169/073/SRR16955673/SRR16955673_1.fastq.gz;ftp.sra.ebi.ac.uk/vol1/fastq/SRR169/073/SRR16955673/SRR16955673_2.fastq.gz		ftp.sra.ebi.ac.uk/vol1/srr/SRR169/073/SRR16955673	
SRR16955676	SAMN23169419	SRX13147268	PRJNA778418	1154581	food fermentation metagenome	ftp.sra.ebi.ac.uk/vol1/fastq/SRR169/076/SRR16955676/SRR16955676_1.fastq.gz;ftp.sra.ebi.ac.uk/vol1/fastq/SRR169/076/SRR16955676/SRR16955676_2.fastq.gz		ftp.sra.ebi.ac.uk/vol1/srr/SRR169/076/SRR16955676	
SRR16955677	SAMN23169418	SRX13147267	PRJNA778418	1154581	food fermentation metagenome	ftp.sra.ebi.ac.uk/vol1/fastq/SRR169/077/SRR16955677/SRR16955677_1.fastq.gz;ftp.sra.ebi.ac.uk/vol1/fastq/SRR169/077/SRR16955677/SRR16955677_2.fastq.gz		ftp.sra.ebi.ac.uk/vol1/srr/SRR169/077/SRR16955677	
SRR16955685	SAMN23169411	SRX13147259	PRJNA778418	1154581	food fermentation metagenome	ftp.sra.ebi.ac.uk/vol1/fastq/SRR169/085/SRR16955685/SRR16955685_1.fastq.gz;ftp.sra.ebi.ac.uk/vol1/fastq/SRR169/085/SRR16955685/SRR16955685_2.fastq.gz		ftp.sra.ebi.ac.uk/vol1/srr/SRR169/085/SRR16955685	
SRR16955687	SAMN23169409	SRX13147257	PRJNA778418	1154581	food fermentation metagenome	ftp.sra.ebi.ac.uk/vol1/fastq/SRR169/087/SRR16955687/SRR16955687_1.fastq.gz;ftp.sra.ebi.ac.uk/vol1/fastq/SRR169/087/SRR16955687/SRR16955687_2.fastq.gz		ftp.sra.ebi.ac.uk/vol1/srr/SRR169/087/SRR16955687	
SRR16955695	SAMN23169402	SRX13147249	PRJNA778418	1154581	food fermentation metagenome	ftp.sra.ebi.ac.uk/vol1/fastq/SRR169/095/SRR16955695/SRR16955695_1.fastq.gz;ftp.sra.ebi.ac.uk/vol1/fastq/SRR169/095/SRR16955695/SRR16955695_2.fastq.gz		ftp.sra.ebi.ac.uk/vol1/srr/SRR169/095/SRR16955695	
SRR16955696	SAMN23169401	SRX13147248	PRJNA778418	1154581	food fermentation metagenome	ftp.sra.ebi.ac.uk/vol1/fastq/SRR169/096/SRR16955696/SRR16955696_1.fastq.gz;ftp.sra.ebi.ac.uk/vol1/fastq/SRR169/096/SRR16955696/SRR16955696_2.fastq.gz		ftp.sra.ebi.ac.uk/vol1/srr/SRR169/096/SRR16955696	
SRR16955697	SAMN23169400	SRX13147247	PRJNA778418	1154581	food fermentation metagenome	ftp.sra.ebi.ac.uk/vol1/fastq/SRR169/097/SRR16955697/SRR16955697_1.fastq.gz;ftp.sra.ebi.ac.uk/vol1/fastq/SRR169/097/SRR16955697/SRR16955697_2.fastq.gz		ftp.sra.ebi.ac.uk/vol1/srr/SRR169/097/SRR16955697	
SRR16955703	SAMN23169386	SRX13147241	PRJNA778418	1154581	food fermentation metagenome	ftp.sra.ebi.ac.uk/vol1/fastq/SRR169/003/SRR16955703/SRR16955703_1.fastq.gz;ftp.sra.ebi.ac.uk/vol1/fastq/SRR169/003/SRR16955703/SRR16955703_2.fastq.gz		ftp.sra.ebi.ac.uk/vol1/srr/SRR169/003/SRR16955703	
SRR17128802	SAMN23169422	SRX13313325	PRJNA778418	1154581	food fermentation metagenome	ftp.sra.ebi.ac.uk/vol1/fastq/SRR171/002/SRR17128802/SRR17128802_1.fastq.gz;ftp.sra.ebi.ac.uk/vol1/fastq/SRR171/002/SRR17128802/SRR17128802_2.fastq.gz		ftp.sra.ebi.ac.uk/vol1/srr/SRR171/002/SRR17128802	
SRR17128804	SAMN23169420	SRX13313323	PRJNA778418	1154581	food fermentation metagenome	ftp.sra.ebi.ac.uk/vol1/fastq/SRR171/004/SRR17128804/SRR17128804_1.fastq.gz;ftp.sra.ebi.ac.uk/vol1/fastq/SRR171/004/SRR17128804/SRR17128804_2.fastq.gz		ftp.sra.ebi.ac.uk/vol1/srr/SRR171/004/SRR17128804	
SRR17128806	SAMN23169418	SRX13313321	PRJNA778418	1154581	food fermentation metagenome	ftp.sra.ebi.ac.uk/vol1/fastq/SRR171/006/SRR17128806/SRR17128806_1.fastq.gz;ftp.sra.ebi.ac.uk/vol1/fastq/SRR171/006/SRR17128806/SRR17128806_2.fastq.gz		ftp.sra.ebi.ac.uk/vol1/srr/SRR171/006/SRR17128806	
SRR17128808	SAMN23169395	SRX13313319	PRJNA778418	1154581	food fermentation metagenome	ftp.sra.ebi.ac.uk/vol1/fastq/SRR171/008/SRR17128808/SRR17128808_1.fastq.gz;ftp.sra.ebi.ac.uk/vol1/fastq/SRR171/008/SRR17128808/SRR17128808_2.fastq.gz		ftp.sra.ebi.ac.uk/vol1/srr/SRR171/008/SRR17128808	
SRR17128813	SAMN23169416	SRX13313314	PRJNA778418	1154581	food fermentation metagenome	ftp.sra.ebi.ac.uk/vol1/fastq/SRR171/013/SRR17128813/SRR17128813_1.fastq.gz;ftp.sra.ebi.ac.uk/vol1/fastq/SRR171/013/SRR17128813/SRR17128813_2.fastq.gz		ftp.sra.ebi.ac.uk/vol1/srr/SRR171/013/SRR17128813	
SRR17128814	SAMN23169389	SRX13313313	PRJNA778418	1154581	food fermentation metagenome	ftp.sra.ebi.ac.uk/vol1/fastq/SRR171/014/SRR17128814/SRR17128814_1.fastq.gz;ftp.sra.ebi.ac.uk/vol1/fastq/SRR171/014/SRR17128814/SRR17128814_2.fastq.gz		ftp.sra.ebi.ac.uk/vol1/srr/SRR171/014/SRR17128814	
SRR17128816	SAMN23169414	SRX13313311	PRJNA778418	1154581	food fermentation metagenome	ftp.sra.ebi.ac.uk/vol1/fastq/SRR171/016/SRR17128816/SRR17128816_1.fastq.gz;ftp.sra.ebi.ac.uk/vol1/fastq/SRR171/016/SRR17128816/SRR17128816_2.fastq.gz		ftp.sra.ebi.ac.uk/vol1/srr/SRR171/016/SRR17128816	
SRR17128820	SAMN23169410	SRX13313307	PRJNA778418	1154581	food fermentation metagenome	ftp.sra.ebi.ac.uk/vol1/fastq/SRR171/020/SRR17128820/SRR17128820_1.fastq.gz;ftp.sra.ebi.ac.uk/vol1/fastq/SRR171/020/SRR17128820/SRR17128820_2.fastq.gz		ftp.sra.ebi.ac.uk/vol1/srr/SRR171/020/SRR17128820	
SRR17128822	SAMN23169437	SRX13313305	PRJNA778418	1154581	food fermentation metagenome	ftp.sra.ebi.ac.uk/vol1/fastq/SRR171/022/SRR17128822/SRR17128822_1.fastq.gz;ftp.sra.ebi.ac.uk/vol1/fastq/SRR171/022/SRR17128822/SRR17128822_2.fastq.gz		ftp.sra.ebi.ac.uk/vol1/srr/SRR171/022/SRR17128822	
SRR17128834	SAMN23169405	SRX13313293	PRJNA778418	1154581	food fermentation metagenome	ftp.sra.ebi.ac.uk/vol1/fastq/SRR171/034/SRR17128834/SRR17128834_1.fastq.gz;ftp.sra.ebi.ac.uk/vol1/fastq/SRR171/034/SRR17128834/SRR17128834_2.fastq.gz		ftp.sra.ebi.ac.uk/vol1/srr/SRR171/034/SRR17128834	
SRR17128835	SAMN23169404	SRX13313292	PRJNA778418	1154581	food fermentation metagenome	ftp.sra.ebi.ac.uk/vol1/fastq/SRR171/035/SRR17128835/SRR17128835_1.fastq.gz;ftp.sra.ebi.ac.uk/vol1/fastq/SRR171/035/SRR17128835/SRR17128835_2.fastq.gz		ftp.sra.ebi.ac.uk/vol1/srr/SRR171/035/SRR17128835	
SRR17128838	SAMN23169430	SRX13313289	PRJNA778418	1154581	food fermentation metagenome	ftp.sra.ebi.ac.uk/vol1/fastq/SRR171/038/SRR17128838/SRR17128838_1.fastq.gz;ftp.sra.ebi.ac.uk/vol1/fastq/SRR171/038/SRR17128838/SRR17128838_2.fastq.gz		ftp.sra.ebi.ac.uk/vol1/srr/SRR171/038/SRR17128838	
SRR17128839	SAMN23169429	SRX13313288	PRJNA778418	1154581	food fermentation metagenome	ftp.sra.ebi.ac.uk/vol1/fastq/SRR171/039/SRR17128839/SRR17128839_1.fastq.gz;ftp.sra.ebi.ac.uk/vol1/fastq/SRR171/039/SRR17128839/SRR17128839_2.fastq.gz		ftp.sra.ebi.ac.uk/vol1/srr/SRR171/039/SRR17128839	
SRR17128840	SAMN23169428	SRX13313287	PRJNA778418	1154581	food fermentation metagenome	ftp.sra.ebi.ac.uk/vol1/fastq/SRR171/040/SRR17128840/SRR17128840_1.fastq.gz;ftp.sra.ebi.ac.uk/vol1/fastq/SRR171/040/SRR17128840/SRR17128840_2.fastq.gz		ftp.sra.ebi.ac.uk/vol1/srr/SRR171/040/SRR17128840	
SRR17128841	SAMN23169427	SRX13313286	PRJNA778418	1154581	food fermentation metagenome	ftp.sra.ebi.ac.uk/vol1/fastq/SRR171/041/SRR17128841/SRR17128841_1.fastq.gz;ftp.sra.ebi.ac.uk/vol1/fastq/SRR171/041/SRR17128841/SRR17128841_2.fastq.gz		ftp.sra.ebi.ac.uk/vol1/srr/SRR171/041/SRR17128841	
SRR17128842	SAMN23169426	SRX13313285	PRJNA778418	1154581	food fermentation metagenome	ftp.sra.ebi.ac.uk/vol1/fastq/SRR171/042/SRR17128842/SRR17128842_1.fastq.gz;ftp.sra.ebi.ac.uk/vol1/fastq/SRR171/042/SRR17128842/SRR17128842_2.fastq.gz		ftp.sra.ebi.ac.uk/vol1/srr/SRR171/042/SRR17128842	
SRR17128843	SAMN23169390	SRX13313284	PRJNA778418	1154581	food fermentation metagenome	ftp.sra.ebi.ac.uk/vol1/fastq/SRR171/043/SRR17128843/SRR17128843_1.fastq.gz;ftp.sra.ebi.ac.uk/vol1/fastq/SRR171/043/SRR17128843/SRR17128843_2.fastq.gz		ftp.sra.ebi.ac.uk/vol1/srr/SRR171/043/SRR17128843	
SRR17128844	SAMN23169425	SRX13313283	PRJNA778418	1154581	food fermentation metagenome	ftp.sra.ebi.ac.uk/vol1/fastq/SRR171/044/SRR17128844/SRR17128844_1.fastq.gz;ftp.sra.ebi.ac.uk/vol1/fastq/SRR171/044/SRR17128844/SRR17128844_2.fastq.gz		ftp.sra.ebi.ac.uk/vol1/srr/SRR171/044/SRR17128844	
SRR17128846	SAMN23169401	SRX13313281	PRJNA778418	1154581	food fermentation metagenome	ftp.sra.ebi.ac.uk/vol1/fastq/SRR171/046/SRR17128846/SRR17128846_1.fastq.gz;ftp.sra.ebi.ac.uk/vol1/fastq/SRR171/046/SRR17128846/SRR17128846_2.fastq.gz		ftp.sra.ebi.ac.uk/vol1/srr/SRR171/046/SRR17128846	
SRR17128848	SAMN23169399	SRX13313279	PRJNA778418	1154581	food fermentation metagenome	ftp.sra.ebi.ac.uk/vol1/fastq/SRR171/048/SRR17128848/SRR17128848_1.fastq.gz;ftp.sra.ebi.ac.uk/vol1/fastq/SRR171/048/SRR17128848/SRR17128848_2.fastq.gz		ftp.sra.ebi.ac.uk/vol1/srr/SRR171/048/SRR17128848	
SRR17128850	SAMN23169397	SRX13313277	PRJNA778418	1154581	food fermentation metagenome	ftp.sra.ebi.ac.uk/vol1/fastq/SRR171/050/SRR17128850/SRR17128850_1.fastq.gz;ftp.sra.ebi.ac.uk/vol1/fastq/SRR171/050/SRR17128850/SRR17128850_2.fastq.gz		ftp.sra.ebi.ac.uk/vol1/srr/SRR171/050/SRR17128850	
SRR17128851	SAMN23169396	SRX13313276	PRJNA778418	1154581	food fermentation metagenome	ftp.sra.ebi.ac.uk/vol1/fastq/SRR171/051/SRR17128851/SRR17128851_1.fastq.gz;ftp.sra.ebi.ac.uk/vol1/fastq/SRR171/051/SRR17128851/SRR17128851_2.fastq.gz		ftp.sra.ebi.ac.uk/vol1/srr/SRR171/051/SRR17128851	
SRR17208215	SAMN23169419	SRX13388131	PRJNA778418	1154581	food fermentation metagenome	ftp.sra.ebi.ac.uk/vol1/fastq/SRR172/015/SRR17208215/SRR17208215_1.fastq.gz;ftp.sra.ebi.ac.uk/vol1/fastq/SRR172/015/SRR17208215/SRR17208215_2.fastq.gz		ftp.sra.ebi.ac.uk/vol1/srr/SRR172/015/SRR17208215	
SRR17208217	SAMN23169403	SRX13388129	PRJNA778418	1154581	food fermentation metagenome	ftp.sra.ebi.ac.uk/vol1/fastq/SRR172/017/SRR17208217/SRR17208217_1.fastq.gz;ftp.sra.ebi.ac.uk/vol1/fastq/SRR172/017/SRR17208217/SRR17208217_2.fastq.gz		ftp.sra.ebi.ac.uk/vol1/srr/SRR172/017/SRR17208217	
SRR17208218	SAMN23169399	SRX13388128	PRJNA778418	1154581	food fermentation metagenome	ftp.sra.ebi.ac.uk/vol1/fastq/SRR172/018/SRR17208218/SRR17208218_1.fastq.gz;ftp.sra.ebi.ac.uk/vol1/fastq/SRR172/018/SRR17208218/SRR17208218_2.fastq.gz		ftp.sra.ebi.ac.uk/vol1/srr/SRR172/018/SRR17208218	
SRR17227791	SAMN23169402	SRX13407081	PRJNA778418	1154581	food fermentation metagenome	ftp.sra.ebi.ac.uk/vol1/fastq/SRR172/091/SRR17227791/SRR17227791_1.fastq.gz;ftp.sra.ebi.ac.uk/vol1/fastq/SRR172/091/SRR17227791/SRR17227791_2.fastq.gz		ftp.sra.ebi.ac.uk/vol1/srr/SRR172/091/SRR17227791	
SRR17227794	SAMN23169439	SRX13407078	PRJNA778418	1154581	food fermentation metagenome	ftp.sra.ebi.ac.uk/vol1/fastq/SRR172/094/SRR17227794/SRR17227794_1.fastq.gz;ftp.sra.ebi.ac.uk/vol1/fastq/SRR172/094/SRR17227794/SRR17227794_2.fastq.gz		ftp.sra.ebi.ac.uk/vol1/srr/SRR172/094/SRR17227794	
SRR17227796	SAMN23169437	SRX13407076	PRJNA778418	1154581	food fermentation metagenome	ftp.sra.ebi.ac.uk/vol1/fastq/SRR172/096/SRR17227796/SRR17227796_1.fastq.gz;ftp.sra.ebi.ac.uk/vol1/fastq/SRR172/096/SRR17227796/SRR17227796_2.fastq.gz		ftp.sra.ebi.ac.uk/vol1/srr/SRR172/096/SRR17227796	
SRR17227797	SAMN23169436	SRX13407075	PRJNA778418	1154581	food fermentation metagenome	ftp.sra.ebi.ac.uk/vol1/fastq/SRR172/097/SRR17227797/SRR17227797_1.fastq.gz;ftp.sra.ebi.ac.uk/vol1/fastq/SRR172/097/SRR17227797/SRR17227797_2.fastq.gz		ftp.sra.ebi.ac.uk/vol1/srr/SRR172/097/SRR17227797	
SRR17227798	SAMN23169435	SRX13407074	PRJNA778418	1154581	food fermentation metagenome	ftp.sra.ebi.ac.uk/vol1/fastq/SRR172/098/SRR17227798/SRR17227798_1.fastq.gz;ftp.sra.ebi.ac.uk/vol1/fastq/SRR172/098/SRR17227798/SRR17227798_2.fastq.gz		ftp.sra.ebi.ac.uk/vol1/srr/SRR172/098/SRR17227798	
SRR17227800	SAMN23169421	SRX13407072	PRJNA778418	1154581	food fermentation metagenome	ftp.sra.ebi.ac.uk/vol1/fastq/SRR172/000/SRR17227800/SRR17227800_1.fastq.gz;ftp.sra.ebi.ac.uk/vol1/fastq/SRR172/000/SRR17227800/SRR17227800_2.fastq.gz		ftp.sra.ebi.ac.uk/vol1/srr/SRR172/000/SRR17227800	
SRR17227801	SAMN23169420	SRX13407071	PRJNA778418	1154581	food fermentation metagenome	ftp.sra.ebi.ac.uk/vol1/fastq/SRR172/001/SRR17227801/SRR17227801_1.fastq.gz;ftp.sra.ebi.ac.uk/vol1/fastq/SRR172/001/SRR17227801/SRR17227801_2.fastq.gz		ftp.sra.ebi.ac.uk/vol1/srr/SRR172/001/SRR17227801	
SRR18495438	SAMN23169420	SRX14626940	PRJNA778418	1154581	food fermentation metagenome	ftp.sra.ebi.ac.uk/vol1/fastq/SRR184/038/SRR18495438/SRR18495438_subreads.fastq.gz		ftp.sra.ebi.ac.uk/vol1/srr/SRR184/038/SRR18495438	
SRR18495440	SAMN23169418	SRX14626938	PRJNA778418	1154581	food fermentation metagenome	ftp.sra.ebi.ac.uk/vol1/fastq/SRR184/040/SRR18495440/SRR18495440_subreads.fastq.gz		ftp.sra.ebi.ac.uk/vol1/srr/SRR184/040/SRR18495440	
SRR18495441	SAMN23169417	SRX14626937	PRJNA778418	1154581	food fermentation metagenome	ftp.sra.ebi.ac.uk/vol1/fastq/SRR184/041/SRR18495441/SRR18495441_subreads.fastq.gz		ftp.sra.ebi.ac.uk/vol1/srr/SRR184/041/SRR18495441	
SRR18495444	SAMN23169401	SRX14626934	PRJNA778418	1154581	food fermentation metagenome	ftp.sra.ebi.ac.uk/vol1/fastq/SRR184/044/SRR18495444/SRR18495444_subreads.fastq.gz		ftp.sra.ebi.ac.uk/vol1/srr/SRR184/044/SRR18495444	
SRR18495448	SAMN23169436	SRX14626930	PRJNA778418	1154581	food fermentation metagenome	ftp.sra.ebi.ac.uk/vol1/fastq/SRR184/048/SRR18495448/SRR18495448_subreads.fastq.gz		ftp.sra.ebi.ac.uk/vol1/srr/SRR184/048/SRR18495448	
SRR18495450	SAMN23169400	SRX14626928	PRJNA778418	1154581	food fermentation metagenome	ftp.sra.ebi.ac.uk/vol1/fastq/SRR184/050/SRR18495450/SRR18495450_subreads.fastq.gz		ftp.sra.ebi.ac.uk/vol1/srr/SRR184/050/SRR18495450	
SRR16955651	SAMN23169394	SRX13147293	PRJNA778418	1154581	food fermentation metagenome	ftp.sra.ebi.ac.uk/vol1/fastq/SRR169/051/SRR16955651/SRR16955651_1.fastq.gz;ftp.sra.ebi.ac.uk/vol1/fastq/SRR169/051/SRR16955651/SRR16955651_2.fastq.gz		ftp.sra.ebi.ac.uk/vol1/srr/SRR169/051/SRR16955651	
SRR16955652	SAMN23169393	SRX13147292	PRJNA778418	1154581	food fermentation metagenome	ftp.sra.ebi.ac.uk/vol1/fastq/SRR169/052/SRR16955652/SRR16955652_1.fastq.gz;ftp.sra.ebi.ac.uk/vol1/fastq/SRR169/052/SRR16955652/SRR16955652_2.fastq.gz		ftp.sra.ebi.ac.uk/vol1/srr/SRR169/052/SRR16955652	
SRR16955650	SAMN23169395	SRX13147294	PRJNA778418	1154581	food fermentation metagenome	ftp.sra.ebi.ac.uk/vol1/fastq/SRR169/050/SRR16955650/SRR16955650_1.fastq.gz;ftp.sra.ebi.ac.uk/vol1/fastq/SRR169/050/SRR16955650/SRR16955650_2.fastq.gz		ftp.sra.ebi.ac.uk/vol1/srr/SRR169/050/SRR16955650	
SRR16955654	SAMN23169439	SRX13147290	PRJNA778418	1154581	food fermentation metagenome	ftp.sra.ebi.ac.uk/vol1/fastq/SRR169/054/SRR16955654/SRR16955654_1.fastq.gz;ftp.sra.ebi.ac.uk/vol1/fastq/SRR169/054/SRR16955654/SRR16955654_2.fastq.gz		ftp.sra.ebi.ac.uk/vol1/srr/SRR169/054/SRR16955654	
SRR16955653	SAMN23169392	SRX13147291	PRJNA778418	1154581	food fermentation metagenome	ftp.sra.ebi.ac.uk/vol1/fastq/SRR169/053/SRR16955653/SRR16955653_1.fastq.gz;ftp.sra.ebi.ac.uk/vol1/fastq/SRR169/053/SRR16955653/SRR16955653_2.fastq.gz		ftp.sra.ebi.ac.uk/vol1/srr/SRR169/053/SRR16955653	
SRR16955658	SAMN23169391	SRX13147286	PRJNA778418	1154581	food fermentation metagenome	ftp.sra.ebi.ac.uk/vol1/fastq/SRR169/058/SRR16955658/SRR16955658_1.fastq.gz;ftp.sra.ebi.ac.uk/vol1/fastq/SRR169/058/SRR16955658/SRR16955658_2.fastq.gz		ftp.sra.ebi.ac.uk/vol1/srr/SRR169/058/SRR16955658	
SRR16955659	SAMN23169435	SRX13147285	PRJNA778418	1154581	food fermentation metagenome	ftp.sra.ebi.ac.uk/vol1/fastq/SRR169/059/SRR16955659/SRR16955659_1.fastq.gz;ftp.sra.ebi.ac.uk/vol1/fastq/SRR169/059/SRR16955659/SRR16955659_2.fastq.gz		ftp.sra.ebi.ac.uk/vol1/srr/SRR169/059/SRR16955659	
SRR16955663	SAMN23169431	SRX13147281	PRJNA778418	1154581	food fermentation metagenome	ftp.sra.ebi.ac.uk/vol1/fastq/SRR169/063/SRR16955663/SRR16955663_1.fastq.gz;ftp.sra.ebi.ac.uk/vol1/fastq/SRR169/063/SRR16955663/SRR16955663_2.fastq.gz		ftp.sra.ebi.ac.uk/vol1/srr/SRR169/063/SRR16955663	
SRR16955660	SAMN23169434	SRX13147284	PRJNA778418	1154581	food fermentation metagenome	ftp.sra.ebi.ac.uk/vol1/fastq/SRR169/060/SRR16955660/SRR16955660_1.fastq.gz;ftp.sra.ebi.ac.uk/vol1/fastq/SRR169/060/SRR16955660/SRR16955660_2.fastq.gz		ftp.sra.ebi.ac.uk/vol1/srr/SRR169/060/SRR16955660	
SRR16955667	SAMN23169427	SRX13147277	PRJNA778418	1154581	food fermentation metagenome	ftp.sra.ebi.ac.uk/vol1/fastq/SRR169/067/SRR16955667/SRR16955667_1.fastq.gz;ftp.sra.ebi.ac.uk/vol1/fastq/SRR169/067/SRR16955667/SRR16955667_2.fastq.gz		ftp.sra.ebi.ac.uk/vol1/srr/SRR169/067/SRR16955667	
SRR16955661	SAMN23169433	SRX13147283	PRJNA778418	1154581	food fermentation metagenome	ftp.sra.ebi.ac.uk/vol1/fastq/SRR169/061/SRR16955661/SRR16955661_1.fastq.gz;ftp.sra.ebi.ac.uk/vol1/fastq/SRR169/061/SRR16955661/SRR16955661_2.fastq.gz		ftp.sra.ebi.ac.uk/vol1/srr/SRR169/061/SRR16955661	
SRR16955669	SAMN23169390	SRX13147275	PRJNA778418	1154581	food fermentation metagenome	ftp.sra.ebi.ac.uk/vol1/fastq/SRR169/069/SRR16955669/SRR16955669_1.fastq.gz;ftp.sra.ebi.ac.uk/vol1/fastq/SRR169/069/SRR16955669/SRR16955669_2.fastq.gz		ftp.sra.ebi.ac.uk/vol1/srr/SRR169/069/SRR16955669	
SRR16955662	SAMN23169432	SRX13147282	PRJNA778418	1154581	food fermentation metagenome	ftp.sra.ebi.ac.uk/vol1/fastq/SRR169/062/SRR16955662/SRR16955662_1.fastq.gz;ftp.sra.ebi.ac.uk/vol1/fastq/SRR169/062/SRR16955662/SRR16955662_2.fastq.gz		ftp.sra.ebi.ac.uk/vol1/srr/SRR169/062/SRR16955662	
SRR16955674	SAMN23169421	SRX13147270	PRJNA778418	1154581	food fermentation metagenome	ftp.sra.ebi.ac.uk/vol1/fastq/SRR169/074/SRR16955674/SRR16955674_1.fastq.gz;ftp.sra.ebi.ac.uk/vol1/fastq/SRR169/074/SRR16955674/SRR16955674_2.fastq.gz		ftp.sra.ebi.ac.uk/vol1/srr/SRR169/074/SRR16955674	
SRR16955679	SAMN23169416	SRX13147265	PRJNA778418	1154581	food fermentation metagenome	ftp.sra.ebi.ac.uk/vol1/fastq/SRR169/079/SRR16955679/SRR16955679_1.fastq.gz;ftp.sra.ebi.ac.uk/vol1/fastq/SRR169/079/SRR16955679/SRR16955679_2.fastq.gz		ftp.sra.ebi.ac.uk/vol1/srr/SRR169/079/SRR16955679	
SRR16955664	SAMN23169430	SRX13147280	PRJNA778418	1154581	food fermentation metagenome	ftp.sra.ebi.ac.uk/vol1/fastq/SRR169/064/SRR16955664/SRR16955664_1.fastq.gz;ftp.sra.ebi.ac.uk/vol1/fastq/SRR169/064/SRR16955664/SRR16955664_2.fastq.gz		ftp.sra.ebi.ac.uk/vol1/srr/SRR169/064/SRR16955664	
SRR16955680	SAMN23169389	SRX13147264	PRJNA778418	1154581	food fermentation metagenome	ftp.sra.ebi.ac.uk/vol1/fastq/SRR169/080/SRR16955680/SRR16955680_1.fastq.gz;ftp.sra.ebi.ac.uk/vol1/fastq/SRR169/080/SRR16955680/SRR16955680_2.fastq.gz		ftp.sra.ebi.ac.uk/vol1/srr/SRR169/080/SRR16955680	
SRR16955665	SAMN23169429	SRX13147279	PRJNA778418	1154581	food fermentation metagenome	ftp.sra.ebi.ac.uk/vol1/fastq/SRR169/065/SRR16955665/SRR16955665_1.fastq.gz;ftp.sra.ebi.ac.uk/vol1/fastq/SRR169/065/SRR16955665/SRR16955665_2.fastq.gz		ftp.sra.ebi.ac.uk/vol1/srr/SRR169/065/SRR16955665	
SRR16955681	SAMN23169415	SRX13147263	PRJNA778418	1154581	food fermentation metagenome	ftp.sra.ebi.ac.uk/vol1/fastq/SRR169/081/SRR16955681/SRR16955681_1.fastq.gz;ftp.sra.ebi.ac.uk/vol1/fastq/SRR169/081/SRR16955681/SRR16955681_2.fastq.gz		ftp.sra.ebi.ac.uk/vol1/srr/SRR169/081/SRR16955681	
SRR16955670	SAMN23169425	SRX13147274	PRJNA778418	1154581	food fermentation metagenome	ftp.sra.ebi.ac.uk/vol1/fastq/SRR169/070/SRR16955670/SRR16955670_1.fastq.gz;ftp.sra.ebi.ac.uk/vol1/fastq/SRR169/070/SRR16955670/SRR16955670_2.fastq.gz		ftp.sra.ebi.ac.uk/vol1/srr/SRR169/070/SRR16955670	
SRR16955671	SAMN23169424	SRX13147273	PRJNA778418	1154581	food fermentation metagenome	ftp.sra.ebi.ac.uk/vol1/fastq/SRR169/071/SRR16955671/SRR16955671_1.fastq.gz;ftp.sra.ebi.ac.uk/vol1/fastq/SRR169/071/SRR16955671/SRR16955671_2.fastq.gz		ftp.sra.ebi.ac.uk/vol1/srr/SRR169/071/SRR16955671	
SRR16955684	SAMN23169412	SRX13147260	PRJNA778418	1154581	food fermentation metagenome	ftp.sra.ebi.ac.uk/vol1/fastq/SRR169/084/SRR16955684/SRR16955684_1.fastq.gz;ftp.sra.ebi.ac.uk/vol1/fastq/SRR169/084/SRR16955684/SRR16955684_2.fastq.gz		ftp.sra.ebi.ac.uk/vol1/srr/SRR169/084/SRR16955684	
SRR16955689	SAMN23169407	SRX13147255	PRJNA778418	1154581	food fermentation metagenome	ftp.sra.ebi.ac.uk/vol1/fastq/SRR169/089/SRR16955689/SRR16955689_1.fastq.gz;ftp.sra.ebi.ac.uk/vol1/fastq/SRR169/089/SRR16955689/SRR16955689_2.fastq.gz		ftp.sra.ebi.ac.uk/vol1/srr/SRR169/089/SRR16955689	
SRR16955691	SAMN23169388	SRX13147253	PRJNA778418	1154581	food fermentation metagenome	ftp.sra.ebi.ac.uk/vol1/fastq/SRR169/091/SRR16955691/SRR16955691_1.fastq.gz;ftp.sra.ebi.ac.uk/vol1/fastq/SRR169/091/SRR16955691/SRR16955691_2.fastq.gz		ftp.sra.ebi.ac.uk/vol1/srr/SRR169/091/SRR16955691	
SRR16955672	SAMN23169423	SRX13147272	PRJNA778418	1154581	food fermentation metagenome	ftp.sra.ebi.ac.uk/vol1/fastq/SRR169/072/SRR16955672/SRR16955672_1.fastq.gz;ftp.sra.ebi.ac.uk/vol1/fastq/SRR169/072/SRR16955672/SRR16955672_2.fastq.gz		ftp.sra.ebi.ac.uk/vol1/srr/SRR169/072/SRR16955672	
SRR16955698	SAMN23169399	SRX13147246	PRJNA778418	1154581	food fermentation metagenome	ftp.sra.ebi.ac.uk/vol1/fastq/SRR169/098/SRR16955698/SRR16955698_1.fastq.gz;ftp.sra.ebi.ac.uk/vol1/fastq/SRR169/098/SRR16955698/SRR16955698_2.fastq.gz		ftp.sra.ebi.ac.uk/vol1/srr/SRR169/098/SRR16955698	
SRR16955700	SAMN23169397	SRX13147244	PRJNA778418	1154581	food fermentation metagenome	ftp.sra.ebi.ac.uk/vol1/fastq/SRR169/000/SRR16955700/SRR16955700_1.fastq.gz;ftp.sra.ebi.ac.uk/vol1/fastq/SRR169/000/SRR16955700/SRR16955700_2.fastq.gz		ftp.sra.ebi.ac.uk/vol1/srr/SRR169/000/SRR16955700	
SRR16955675	SAMN23169420	SRX13147269	PRJNA778418	1154581	food fermentation metagenome	ftp.sra.ebi.ac.uk/vol1/fastq/SRR169/075/SRR16955675/SRR16955675_1.fastq.gz;ftp.sra.ebi.ac.uk/vol1/fastq/SRR169/075/SRR16955675/SRR16955675_2.fastq.gz		ftp.sra.ebi.ac.uk/vol1/srr/SRR169/075/SRR16955675	
SRR16955701	SAMN23169396	SRX13147243	PRJNA778418	1154581	food fermentation metagenome	ftp.sra.ebi.ac.uk/vol1/fastq/SRR169/001/SRR16955701/SRR16955701_1.fastq.gz;ftp.sra.ebi.ac.uk/vol1/fastq/SRR169/001/SRR16955701/SRR16955701_2.fastq.gz		ftp.sra.ebi.ac.uk/vol1/srr/SRR169/001/SRR16955701	
SRR17128800	SAMN23169424	SRX13313327	PRJNA778418	1154581	food fermentation metagenome	ftp.sra.ebi.ac.uk/vol1/fastq/SRR171/000/SRR17128800/SRR17128800_1.fastq.gz;ftp.sra.ebi.ac.uk/vol1/fastq/SRR171/000/SRR17128800/SRR17128800_2.fastq.gz		ftp.sra.ebi.ac.uk/vol1/srr/SRR171/000/SRR17128800	
SRR16955678	SAMN23169417	SRX13147266	PRJNA778418	1154581	food fermentation metagenome	ftp.sra.ebi.ac.uk/vol1/fastq/SRR169/078/SRR16955678/SRR16955678_1.fastq.gz;ftp.sra.ebi.ac.uk/vol1/fastq/SRR169/078/SRR16955678/SRR16955678_2.fastq.gz		ftp.sra.ebi.ac.uk/vol1/srr/SRR169/078/SRR16955678	
SRR17128801	SAMN23169423	SRX13313326	PRJNA778418	1154581	food fermentation metagenome	ftp.sra.ebi.ac.uk/vol1/fastq/SRR171/001/SRR17128801/SRR17128801_1.fastq.gz;ftp.sra.ebi.ac.uk/vol1/fastq/SRR171/001/SRR17128801/SRR17128801_2.fastq.gz		ftp.sra.ebi.ac.uk/vol1/srr/SRR171/001/SRR17128801	
SRR16955682	SAMN23169414	SRX13147262	PRJNA778418	1154581	food fermentation metagenome	ftp.sra.ebi.ac.uk/vol1/fastq/SRR169/082/SRR16955682/SRR16955682_1.fastq.gz;ftp.sra.ebi.ac.uk/vol1/fastq/SRR169/082/SRR16955682/SRR16955682_2.fastq.gz		ftp.sra.ebi.ac.uk/vol1/srr/SRR169/082/SRR16955682	
SRR17128807	SAMN23169417	SRX13313320	PRJNA778418	1154581	food fermentation metagenome	ftp.sra.ebi.ac.uk/vol1/fastq/SRR171/007/SRR17128807/SRR17128807_1.fastq.gz;ftp.sra.ebi.ac.uk/vol1/fastq/SRR171/007/SRR17128807/SRR17128807_2.fastq.gz		ftp.sra.ebi.ac.uk/vol1/srr/SRR171/007/SRR17128807	
SRR17128812	SAMN23169439	SRX13313315	PRJNA778418	1154581	food fermentation metagenome	ftp.sra.ebi.ac.uk/vol1/fastq/SRR171/012/SRR17128812/SRR17128812_1.fastq.gz;ftp.sra.ebi.ac.uk/vol1/fastq/SRR171/012/SRR17128812/SRR17128812_2.fastq.gz		ftp.sra.ebi.ac.uk/vol1/srr/SRR171/012/SRR17128812	
SRR16955683	SAMN23169413	SRX13147261	PRJNA778418	1154581	food fermentation metagenome	ftp.sra.ebi.ac.uk/vol1/fastq/SRR169/083/SRR16955683/SRR16955683_1.fastq.gz;ftp.sra.ebi.ac.uk/vol1/fastq/SRR169/083/SRR16955683/SRR16955683_2.fastq.gz		ftp.sra.ebi.ac.uk/vol1/srr/SRR169/083/SRR16955683	
SRR17128817	SAMN23169413	SRX13313310	PRJNA778418	1154581	food fermentation metagenome	ftp.sra.ebi.ac.uk/vol1/fastq/SRR171/017/SRR17128817/SRR17128817_1.fastq.gz;ftp.sra.ebi.ac.uk/vol1/fastq/SRR171/017/SRR17128817/SRR17128817_2.fastq.gz		ftp.sra.ebi.ac.uk/vol1/srr/SRR171/017/SRR17128817	
SRR16955686	SAMN23169410	SRX13147258	PRJNA778418	1154581	food fermentation metagenome	ftp.sra.ebi.ac.uk/vol1/fastq/SRR169/086/SRR16955686/SRR16955686_1.fastq.gz;ftp.sra.ebi.ac.uk/vol1/fastq/SRR169/086/SRR16955686/SRR16955686_2.fastq.gz		ftp.sra.ebi.ac.uk/vol1/srr/SRR169/086/SRR16955686	
SRR17128819	SAMN23169411	SRX13313308	PRJNA778418	1154581	food fermentation metagenome	ftp.sra.ebi.ac.uk/vol1/fastq/SRR171/019/SRR17128819/SRR17128819_1.fastq.gz;ftp.sra.ebi.ac.uk/vol1/fastq/SRR171/019/SRR17128819/SRR17128819_2.fastq.gz		ftp.sra.ebi.ac.uk/vol1/srr/SRR171/019/SRR17128819	
SRR17128823	SAMN23169436	SRX13313304	PRJNA778418	1154581	food fermentation metagenome	ftp.sra.ebi.ac.uk/vol1/fastq/SRR171/023/SRR17128823/SRR17128823_1.fastq.gz;ftp.sra.ebi.ac.uk/vol1/fastq/SRR171/023/SRR17128823/SRR17128823_2.fastq.gz		ftp.sra.ebi.ac.uk/vol1/srr/SRR171/023/SRR17128823	
SRR16955688	SAMN23169408	SRX13147256	PRJNA778418	1154581	food fermentation metagenome	ftp.sra.ebi.ac.uk/vol1/fastq/SRR169/088/SRR16955688/SRR16955688_1.fastq.gz;ftp.sra.ebi.ac.uk/vol1/fastq/SRR169/088/SRR16955688/SRR16955688_2.fastq.gz		ftp.sra.ebi.ac.uk/vol1/srr/SRR169/088/SRR16955688	
SRR17128825	SAMN23169435	SRX13313302	PRJNA778418	1154581	food fermentation metagenome	ftp.sra.ebi.ac.uk/vol1/fastq/SRR171/025/SRR17128825/SRR17128825_1.fastq.gz;ftp.sra.ebi.ac.uk/vol1/fastq/SRR171/025/SRR17128825/SRR17128825_2.fastq.gz		ftp.sra.ebi.ac.uk/vol1/srr/SRR171/025/SRR17128825	
SRR16955690	SAMN23169406	SRX13147254	PRJNA778418	1154581	food fermentation metagenome	ftp.sra.ebi.ac.uk/vol1/fastq/SRR169/090/SRR16955690/SRR16955690_1.fastq.gz;ftp.sra.ebi.ac.uk/vol1/fastq/SRR169/090/SRR16955690/SRR16955690_2.fastq.gz		ftp.sra.ebi.ac.uk/vol1/srr/SRR169/090/SRR16955690	
SRR17128827	SAMN23169433	SRX13313300	PRJNA778418	1154581	food fermentation metagenome	ftp.sra.ebi.ac.uk/vol1/fastq/SRR171/027/SRR17128827/SRR17128827_1.fastq.gz;ftp.sra.ebi.ac.uk/vol1/fastq/SRR171/027/SRR17128827/SRR17128827_2.fastq.gz		ftp.sra.ebi.ac.uk/vol1/srr/SRR171/027/SRR17128827	
SRR16955692	SAMN23169405	SRX13147252	PRJNA778418	1154581	food fermentation metagenome	ftp.sra.ebi.ac.uk/vol1/fastq/SRR169/092/SRR16955692/SRR16955692_1.fastq.gz;ftp.sra.ebi.ac.uk/vol1/fastq/SRR169/092/SRR16955692/SRR16955692_2.fastq.gz		ftp.sra.ebi.ac.uk/vol1/srr/SRR169/092/SRR16955692	
SRR17128828	SAMN23169432	SRX13313299	PRJNA778418	1154581	food fermentation metagenome	ftp.sra.ebi.ac.uk/vol1/fastq/SRR171/028/SRR17128828/SRR17128828_1.fastq.gz;ftp.sra.ebi.ac.uk/vol1/fastq/SRR171/028/SRR17128828/SRR17128828_2.fastq.gz		ftp.sra.ebi.ac.uk/vol1/srr/SRR171/028/SRR17128828	
SRR17128829	SAMN23169409	SRX13313298	PRJNA778418	1154581	food fermentation metagenome	ftp.sra.ebi.ac.uk/vol1/fastq/SRR171/029/SRR17128829/SRR17128829_1.fastq.gz;ftp.sra.ebi.ac.uk/vol1/fastq/SRR171/029/SRR17128829/SRR17128829_2.fastq.gz		ftp.sra.ebi.ac.uk/vol1/srr/SRR171/029/SRR17128829	
SRR16955693	SAMN23169404	SRX13147251	PRJNA778418	1154581	food fermentation metagenome	ftp.sra.ebi.ac.uk/vol1/fastq/SRR169/093/SRR16955693/SRR16955693_1.fastq.gz;ftp.sra.ebi.ac.uk/vol1/fastq/SRR169/093/SRR16955693/SRR16955693_2.fastq.gz		ftp.sra.ebi.ac.uk/vol1/srr/SRR169/093/SRR16955693	
SRR17128830	SAMN23169408	SRX13313297	PRJNA778418	1154581	food fermentation metagenome	ftp.sra.ebi.ac.uk/vol1/fastq/SRR171/030/SRR17128830/SRR17128830_1.fastq.gz;ftp.sra.ebi.ac.uk/vol1/fastq/SRR171/030/SRR17128830/SRR17128830_2.fastq.gz		ftp.sra.ebi.ac.uk/vol1/srr/SRR171/030/SRR17128830	
SRR16955694	SAMN23169403	SRX13147250	PRJNA778418	1154581	food fermentation metagenome	ftp.sra.ebi.ac.uk/vol1/fastq/SRR169/094/SRR16955694/SRR16955694_1.fastq.gz;ftp.sra.ebi.ac.uk/vol1/fastq/SRR169/094/SRR16955694/SRR16955694_2.fastq.gz		ftp.sra.ebi.ac.uk/vol1/srr/SRR169/094/SRR16955694	
SRR17128831	SAMN23169407	SRX13313296	PRJNA778418	1154581	food fermentation metagenome	ftp.sra.ebi.ac.uk/vol1/fastq/SRR171/031/SRR17128831/SRR17128831_1.fastq.gz;ftp.sra.ebi.ac.uk/vol1/fastq/SRR171/031/SRR17128831/SRR17128831_2.fastq.gz		ftp.sra.ebi.ac.uk/vol1/srr/SRR171/031/SRR17128831	
SRR17128832	SAMN23169406	SRX13313295	PRJNA778418	1154581	food fermentation metagenome	ftp.sra.ebi.ac.uk/vol1/fastq/SRR171/032/SRR17128832/SRR17128832_1.fastq.gz;ftp.sra.ebi.ac.uk/vol1/fastq/SRR171/032/SRR17128832/SRR17128832_2.fastq.gz		ftp.sra.ebi.ac.uk/vol1/srr/SRR171/032/SRR17128832	
SRR16955699	SAMN23169398	SRX13147245	PRJNA778418	1154581	food fermentation metagenome	ftp.sra.ebi.ac.uk/vol1/fastq/SRR169/099/SRR16955699/SRR16955699_1.fastq.gz;ftp.sra.ebi.ac.uk/vol1/fastq/SRR169/099/SRR16955699/SRR16955699_2.fastq.gz		ftp.sra.ebi.ac.uk/vol1/srr/SRR169/099/SRR16955699	
SRR17128833	SAMN23169388	SRX13313294	PRJNA778418	1154581	food fermentation metagenome	ftp.sra.ebi.ac.uk/vol1/fastq/SRR171/033/SRR17128833/SRR17128833_1.fastq.gz;ftp.sra.ebi.ac.uk/vol1/fastq/SRR171/033/SRR17128833/SRR17128833_2.fastq.gz		ftp.sra.ebi.ac.uk/vol1/srr/SRR171/033/SRR17128833	
SRR17128845	SAMN23169402	SRX13313282	PRJNA778418	1154581	food fermentation metagenome	ftp.sra.ebi.ac.uk/vol1/fastq/SRR171/045/SRR17128845/SRR17128845_1.fastq.gz;ftp.sra.ebi.ac.uk/vol1/fastq/SRR171/045/SRR17128845/SRR17128845_2.fastq.gz		ftp.sra.ebi.ac.uk/vol1/srr/SRR171/045/SRR17128845	
SRR16955702	SAMN23169387	SRX13147242	PRJNA778418	1154581	food fermentation metagenome	ftp.sra.ebi.ac.uk/vol1/fastq/SRR169/002/SRR16955702/SRR16955702_1.fastq.gz;ftp.sra.ebi.ac.uk/vol1/fastq/SRR169/002/SRR16955702/SRR16955702_2.fastq.gz		ftp.sra.ebi.ac.uk/vol1/srr/SRR169/002/SRR16955702	
SRR17128803	SAMN23169421	SRX13313324	PRJNA778418	1154581	food fermentation metagenome	ftp.sra.ebi.ac.uk/vol1/fastq/SRR171/003/SRR17128803/SRR17128803_1.fastq.gz;ftp.sra.ebi.ac.uk/vol1/fastq/SRR171/003/SRR17128803/SRR17128803_2.fastq.gz		ftp.sra.ebi.ac.uk/vol1/srr/SRR171/003/SRR17128803	
SRR17128849	SAMN23169398	SRX13313278	PRJNA778418	1154581	food fermentation metagenome	ftp.sra.ebi.ac.uk/vol1/fastq/SRR171/049/SRR17128849/SRR17128849_1.fastq.gz;ftp.sra.ebi.ac.uk/vol1/fastq/SRR171/049/SRR17128849/SRR17128849_2.fastq.gz		ftp.sra.ebi.ac.uk/vol1/srr/SRR171/049/SRR17128849	
SRR17128805	SAMN23169419	SRX13313322	PRJNA778418	1154581	food fermentation metagenome	ftp.sra.ebi.ac.uk/vol1/fastq/SRR171/005/SRR17128805/SRR17128805_1.fastq.gz;ftp.sra.ebi.ac.uk/vol1/fastq/SRR171/005/SRR17128805/SRR17128805_2.fastq.gz		ftp.sra.ebi.ac.uk/vol1/srr/SRR171/005/SRR17128805	
SRR17128853	SAMN23169386	SRX13313274	PRJNA778418	1154581	food fermentation metagenome	ftp.sra.ebi.ac.uk/vol1/fastq/SRR171/053/SRR17128853/SRR17128853_1.fastq.gz;ftp.sra.ebi.ac.uk/vol1/fastq/SRR171/053/SRR17128853/SRR17128853_2.fastq.gz		ftp.sra.ebi.ac.uk/vol1/srr/SRR171/053/SRR17128853	
SRR17208213	SAMN23169435	SRX13388133	PRJNA778418	1154581	food fermentation metagenome	ftp.sra.ebi.ac.uk/vol1/fastq/SRR172/013/SRR17208213/SRR17208213_1.fastq.gz;ftp.sra.ebi.ac.uk/vol1/fastq/SRR172/013/SRR17208213/SRR17208213_2.fastq.gz		ftp.sra.ebi.ac.uk/vol1/srr/SRR172/013/SRR17208213	
SRR17227788	SAMN23169417	SRX13407084	PRJNA778418	1154581	food fermentation metagenome	ftp.sra.ebi.ac.uk/vol1/fastq/SRR172/088/SRR17227788/SRR17227788_1.fastq.gz;ftp.sra.ebi.ac.uk/vol1/fastq/SRR172/088/SRR17227788/SRR17227788_2.fastq.gz		ftp.sra.ebi.ac.uk/vol1/srr/SRR172/088/SRR17227788	
SRR17128809	SAMN23169394	SRX13313318	PRJNA778418	1154581	food fermentation metagenome	ftp.sra.ebi.ac.uk/vol1/fastq/SRR171/009/SRR17128809/SRR17128809_1.fastq.gz;ftp.sra.ebi.ac.uk/vol1/fastq/SRR171/009/SRR17128809/SRR17128809_2.fastq.gz		ftp.sra.ebi.ac.uk/vol1/srr/SRR171/009/SRR17128809	
SRR17227789	SAMN23169416	SRX13407083	PRJNA778418	1154581	food fermentation metagenome	ftp.sra.ebi.ac.uk/vol1/fastq/SRR172/089/SRR17227789/SRR17227789_1.fastq.gz;ftp.sra.ebi.ac.uk/vol1/fastq/SRR172/089/SRR17227789/SRR17227789_2.fastq.gz		ftp.sra.ebi.ac.uk/vol1/srr/SRR172/089/SRR17227789	
SRR17128810	SAMN23169393	SRX13313317	PRJNA778418	1154581	food fermentation metagenome	ftp.sra.ebi.ac.uk/vol1/fastq/SRR171/010/SRR17128810/SRR17128810_1.fastq.gz;ftp.sra.ebi.ac.uk/vol1/fastq/SRR171/010/SRR17128810/SRR17128810_2.fastq.gz		ftp.sra.ebi.ac.uk/vol1/srr/SRR171/010/SRR17128810	
SRR17227793	SAMN23169400	SRX13407079	PRJNA778418	1154581	food fermentation metagenome	ftp.sra.ebi.ac.uk/vol1/fastq/SRR172/093/SRR17227793/SRR17227793_1.fastq.gz;ftp.sra.ebi.ac.uk/vol1/fastq/SRR172/093/SRR17227793/SRR17227793_2.fastq.gz		ftp.sra.ebi.ac.uk/vol1/srr/SRR172/093/SRR17227793	
SRR17128811	SAMN23169392	SRX13313316	PRJNA778418	1154581	food fermentation metagenome	ftp.sra.ebi.ac.uk/vol1/fastq/SRR171/011/SRR17128811/SRR17128811_1.fastq.gz;ftp.sra.ebi.ac.uk/vol1/fastq/SRR171/011/SRR17128811/SRR17128811_2.fastq.gz		ftp.sra.ebi.ac.uk/vol1/srr/SRR171/011/SRR17128811	
SRR17227795	SAMN23169438	SRX13407077	PRJNA778418	1154581	food fermentation metagenome	ftp.sra.ebi.ac.uk/vol1/fastq/SRR172/095/SRR17227795/SRR17227795_1.fastq.gz;ftp.sra.ebi.ac.uk/vol1/fastq/SRR172/095/SRR17227795/SRR17227795_2.fastq.gz		ftp.sra.ebi.ac.uk/vol1/srr/SRR172/095/SRR17227795	
SRR17128815	SAMN23169415	SRX13313312	PRJNA778418	1154581	food fermentation metagenome	ftp.sra.ebi.ac.uk/vol1/fastq/SRR171/015/SRR17128815/SRR17128815_1.fastq.gz;ftp.sra.ebi.ac.uk/vol1/fastq/SRR171/015/SRR17128815/SRR17128815_2.fastq.gz		ftp.sra.ebi.ac.uk/vol1/srr/SRR171/015/SRR17128815	
SRR17227802	SAMN23169399	SRX13407070	PRJNA778418	1154581	food fermentation metagenome	ftp.sra.ebi.ac.uk/vol1/fastq/SRR172/002/SRR17227802/SRR17227802_1.fastq.gz;ftp.sra.ebi.ac.uk/vol1/fastq/SRR172/002/SRR17227802/SRR17227802_2.fastq.gz		ftp.sra.ebi.ac.uk/vol1/srr/SRR172/002/SRR17227802	
SRR17128818	SAMN23169412	SRX13313309	PRJNA778418	1154581	food fermentation metagenome	ftp.sra.ebi.ac.uk/vol1/fastq/SRR171/018/SRR17128818/SRR17128818_1.fastq.gz;ftp.sra.ebi.ac.uk/vol1/fastq/SRR171/018/SRR17128818/SRR17128818_2.fastq.gz		ftp.sra.ebi.ac.uk/vol1/srr/SRR171/018/SRR17128818	
SRR18495437	SAMN23169421	SRX14626941	PRJNA778418	1154581	food fermentation metagenome	ftp.sra.ebi.ac.uk/vol1/fastq/SRR184/037/SRR18495437/SRR18495437_subreads.fastq.gz		ftp.sra.ebi.ac.uk/vol1/srr/SRR184/037/SRR18495437	
SRR18495439	SAMN23169419	SRX14626939	PRJNA778418	1154581	food fermentation metagenome	ftp.sra.ebi.ac.uk/vol1/fastq/SRR184/039/SRR18495439/SRR18495439_subreads.fastq.gz		ftp.sra.ebi.ac.uk/vol1/srr/SRR184/039/SRR18495439	
SRR17128821	SAMN23169438	SRX13313306	PRJNA778418	1154581	food fermentation metagenome	ftp.sra.ebi.ac.uk/vol1/fastq/SRR171/021/SRR17128821/SRR17128821_1.fastq.gz;ftp.sra.ebi.ac.uk/vol1/fastq/SRR171/021/SRR17128821/SRR17128821_2.fastq.gz		ftp.sra.ebi.ac.uk/vol1/srr/SRR171/021/SRR17128821	
SRR18495445	SAMN23169439	SRX14626933	PRJNA778418	1154581	food fermentation metagenome	ftp.sra.ebi.ac.uk/vol1/fastq/SRR184/045/SRR18495445/SRR18495445_subreads.fastq.gz		ftp.sra.ebi.ac.uk/vol1/srr/SRR184/045/SRR18495445	
SRR17128824	SAMN23169391	SRX13313303	PRJNA778418	1154581	food fermentation metagenome	ftp.sra.ebi.ac.uk/vol1/fastq/SRR171/024/SRR17128824/SRR17128824_1.fastq.gz;ftp.sra.ebi.ac.uk/vol1/fastq/SRR171/024/SRR17128824/SRR17128824_2.fastq.gz		ftp.sra.ebi.ac.uk/vol1/srr/SRR171/024/SRR17128824	
SRR18495449	SAMN23169435	SRX14626929	PRJNA778418	1154581	food fermentation metagenome	ftp.sra.ebi.ac.uk/vol1/fastq/SRR184/049/SRR18495449/SRR18495449_subreads.fastq.gz		ftp.sra.ebi.ac.uk/vol1/srr/SRR184/049/SRR18495449	
SRR17128826	SAMN23169434	SRX13313301	PRJNA778418	1154581	food fermentation metagenome	ftp.sra.ebi.ac.uk/vol1/fastq/SRR171/026/SRR17128826/SRR17128826_1.fastq.gz;ftp.sra.ebi.ac.uk/vol1/fastq/SRR171/026/SRR17128826/SRR17128826_2.fastq.gz		ftp.sra.ebi.ac.uk/vol1/srr/SRR171/026/SRR17128826	
SRR17128836	SAMN23169403	SRX13313291	PRJNA778418	1154581	food fermentation metagenome	ftp.sra.ebi.ac.uk/vol1/fastq/SRR171/036/SRR17128836/SRR17128836_1.fastq.gz;ftp.sra.ebi.ac.uk/vol1/fastq/SRR171/036/SRR17128836/SRR17128836_2.fastq.gz		ftp.sra.ebi.ac.uk/vol1/srr/SRR171/036/SRR17128836	
SRR17128837	SAMN23169431	SRX13313290	PRJNA778418	1154581	food fermentation metagenome	ftp.sra.ebi.ac.uk/vol1/fastq/SRR171/037/SRR17128837/SRR17128837_1.fastq.gz;ftp.sra.ebi.ac.uk/vol1/fastq/SRR171/037/SRR17128837/SRR17128837_2.fastq.gz		ftp.sra.ebi.ac.uk/vol1/srr/SRR171/037/SRR17128837	
SRR17128847	SAMN23169400	SRX13313280	PRJNA778418	1154581	food fermentation metagenome	ftp.sra.ebi.ac.uk/vol1/fastq/SRR171/047/SRR17128847/SRR17128847_1.fastq.gz;ftp.sra.ebi.ac.uk/vol1/fastq/SRR171/047/SRR17128847/SRR17128847_2.fastq.gz		ftp.sra.ebi.ac.uk/vol1/srr/SRR171/047/SRR17128847	
SRR17128852	SAMN23169387	SRX13313275	PRJNA778418	1154581	food fermentation metagenome	ftp.sra.ebi.ac.uk/vol1/fastq/SRR171/052/SRR17128852/SRR17128852_1.fastq.gz;ftp.sra.ebi.ac.uk/vol1/fastq/SRR171/052/SRR17128852/SRR17128852_2.fastq.gz		ftp.sra.ebi.ac.uk/vol1/srr/SRR171/052/SRR17128852	
SRR17208211	SAMN23169439	SRX13388135	PRJNA778418	1154581	food fermentation metagenome	ftp.sra.ebi.ac.uk/vol1/fastq/SRR172/011/SRR17208211/SRR17208211_1.fastq.gz;ftp.sra.ebi.ac.uk/vol1/fastq/SRR172/011/SRR17208211/SRR17208211_2.fastq.gz		ftp.sra.ebi.ac.uk/vol1/srr/SRR172/011/SRR17208211	
SRR17208212	SAMN23169437	SRX13388134	PRJNA778418	1154581	food fermentation metagenome	ftp.sra.ebi.ac.uk/vol1/fastq/SRR172/012/SRR17208212/SRR17208212_1.fastq.gz;ftp.sra.ebi.ac.uk/vol1/fastq/SRR172/012/SRR17208212/SRR17208212_2.fastq.gz		ftp.sra.ebi.ac.uk/vol1/srr/SRR172/012/SRR17208212	
SRR17208214	SAMN23169421	SRX13388132	PRJNA778418	1154581	food fermentation metagenome	ftp.sra.ebi.ac.uk/vol1/fastq/SRR172/014/SRR17208214/SRR17208214_1.fastq.gz;ftp.sra.ebi.ac.uk/vol1/fastq/SRR172/014/SRR17208214/SRR17208214_2.fastq.gz		ftp.sra.ebi.ac.uk/vol1/srr/SRR172/014/SRR17208214	
SRR17208216	SAMN23169417	SRX13388130	PRJNA778418	1154581	food fermentation metagenome	ftp.sra.ebi.ac.uk/vol1/fastq/SRR172/016/SRR17208216/SRR17208216_1.fastq.gz;ftp.sra.ebi.ac.uk/vol1/fastq/SRR172/016/SRR17208216/SRR17208216_2.fastq.gz		ftp.sra.ebi.ac.uk/vol1/srr/SRR172/016/SRR17208216	
SRR17227786	SAMN23169419	SRX13407086	PRJNA778418	1154581	food fermentation metagenome	ftp.sra.ebi.ac.uk/vol1/fastq/SRR172/086/SRR17227786/SRR17227786_1.fastq.gz;ftp.sra.ebi.ac.uk/vol1/fastq/SRR172/086/SRR17227786/SRR17227786_2.fastq.gz		ftp.sra.ebi.ac.uk/vol1/srr/SRR172/086/SRR17227786	
SRR17227787	SAMN23169418	SRX13407085	PRJNA778418	1154581	food fermentation metagenome	ftp.sra.ebi.ac.uk/vol1/fastq/SRR172/087/SRR17227787/SRR17227787_1.fastq.gz;ftp.sra.ebi.ac.uk/vol1/fastq/SRR172/087/SRR17227787/SRR17227787_2.fastq.gz		ftp.sra.ebi.ac.uk/vol1/srr/SRR172/087/SRR17227787	
SRR17227790	SAMN23169403	SRX13407082	PRJNA778418	1154581	food fermentation metagenome	ftp.sra.ebi.ac.uk/vol1/fastq/SRR172/090/SRR17227790/SRR17227790_1.fastq.gz;ftp.sra.ebi.ac.uk/vol1/fastq/SRR172/090/SRR17227790/SRR17227790_2.fastq.gz		ftp.sra.ebi.ac.uk/vol1/srr/SRR172/090/SRR17227790	
SRR17227792	SAMN23169401	SRX13407080	PRJNA778418	1154581	food fermentation metagenome	ftp.sra.ebi.ac.uk/vol1/fastq/SRR172/092/SRR17227792/SRR17227792_1.fastq.gz;ftp.sra.ebi.ac.uk/vol1/fastq/SRR172/092/SRR17227792/SRR17227792_2.fastq.gz		ftp.sra.ebi.ac.uk/vol1/srr/SRR172/092/SRR17227792	
SRR17227799	SAMN23169434	SRX13407073	PRJNA778418	1154581	food fermentation metagenome	ftp.sra.ebi.ac.uk/vol1/fastq/SRR172/099/SRR17227799/SRR17227799_1.fastq.gz;ftp.sra.ebi.ac.uk/vol1/fastq/SRR172/099/SRR17227799/SRR17227799_2.fastq.gz		ftp.sra.ebi.ac.uk/vol1/srr/SRR172/099/SRR17227799	
SRR17227803	SAMN23169398	SRX13407069	PRJNA778418	1154581	food fermentation metagenome	ftp.sra.ebi.ac.uk/vol1/fastq/SRR172/003/SRR17227803/SRR17227803_1.fastq.gz;ftp.sra.ebi.ac.uk/vol1/fastq/SRR172/003/SRR17227803/SRR17227803_2.fastq.gz		ftp.sra.ebi.ac.uk/vol1/srr/SRR172/003/SRR17227803	
SRR18495442	SAMN23169403	SRX14626936	PRJNA778418	1154581	food fermentation metagenome	ftp.sra.ebi.ac.uk/vol1/fastq/SRR184/042/SRR18495442/SRR18495442_subreads.fastq.gz		ftp.sra.ebi.ac.uk/vol1/srr/SRR184/042/SRR18495442	
SRR18495443	SAMN23169402	SRX14626935	PRJNA778418	1154581	food fermentation metagenome	ftp.sra.ebi.ac.uk/vol1/fastq/SRR184/043/SRR18495443/SRR18495443_subreads.fastq.gz		ftp.sra.ebi.ac.uk/vol1/srr/SRR184/043/SRR18495443	
SRR18495446	SAMN23169438	SRX14626932	PRJNA778418	1154581	food fermentation metagenome	ftp.sra.ebi.ac.uk/vol1/fastq/SRR184/046/SRR18495446/SRR18495446_subreads.fastq.gz		ftp.sra.ebi.ac.uk/vol1/srr/SRR184/046/SRR18495446	
SRR18495447	SAMN23169437	SRX14626931	PRJNA778418	1154581	food fermentation metagenome	ftp.sra.ebi.ac.uk/vol1/fastq/SRR184/047/SRR18495447/SRR18495447_subreads.fastq.gz		ftp.sra.ebi.ac.uk/vol1/srr/SRR184/047/SRR18495447	
SRR18495451	SAMN23169399	SRX14626927	PRJNA778418	1154581	food fermentation metagenome	ftp.sra.ebi.ac.uk/vol1/fastq/SRR184/051/SRR18495451/SRR18495451_subreads.fastq.gz		ftp.sra.ebi.ac.uk/vol1/srr/SRR184/051/SRR18495451	
